<?xml version="1.0" encoding="UTF-8"?>
<settings xmlns="http://maven.apache.org/SETTINGS/1.0.0"
          xmlns:xsi="http://www.w3.org/2001/XMLSchema-instance"
          xsi:schemaLocation="http://maven.apache.org/SETTINGS/1.0.0 http://maven.apache.org/xsd/settings-1.0.0.xsd">
    <profiles>
        <profile>
            <id>jboss-ga-repository</id>
            <repositories>
                <repository>
                    <id>jboss-ga-repository</id>
                    <url>http://maven.repository.redhat.com/ga</url>
                    <releases>
                        <enabled>true</enabled>
                    </releases>
                    <snapshots>
                        <enabled>false</enabled>
                    </snapshots>
                </repository>
            </repositories>
            <pluginRepositories>
                <pluginRepository>
                    <id>jboss-ga-plugin-repository</id>
                    <url>http://maven.repository.redhat.com/ga</url>
                    <releases>
                        <enabled>true</enabled>
                    </releases>
                    <snapshots>
                        <enabled>false</enabled>
                    </snapshots>
                </pluginRepository>
            </pluginRepositories>
        </profile>
        <profile>
            <id>jboss-techpreview-repository</id>
            <repositories>
                <repository>
                    <id>jboss-techpreview-repository</id>
                    <url>http://maven.repository.redhat.com/techpreview/all</url>
                    <releases>
                        <enabled>true</enabled>
                    </releases>
                    <snapshots>
                        <enabled>false</enabled>
                    </snapshots>
                </repository>
            </repositories>
            <pluginRepositories>
                <pluginRepository>
                    <id>jboss-techpreview-plugin-repository</id>
                    <url>http://maven.repository.redhat.com/techpreview/all</url>
                    <releases>
                        <enabled>true</enabled>
                    </releases>
                    <snapshots>
                        <enabled>false</enabled>
                    </snapshots>
                </pluginRepository>
            </pluginRepositories>
        </profile>
        <profile>
            <id>jboss-earlyaccess-repository</id>
            <repositories>
                <repository>
                    <id>jboss-earlyaccess-repository</id>
                    <url>http://maven.repository.redhat.com/earlyaccess/all/</url>
                    <releases>
                        <enabled>true</enabled>
                    </releases>
                    <snapshots>
                        <enabled>false</enabled>
                    </snapshots>
                </repository>
            </repositories>
            <pluginRepositories>
                <pluginRepository>
                    <id>jboss-earlyaccess-plugin-repository</id>
                    <url>http://maven.repository.redhat.com/earlyaccess/all/</url>
                    <releases>
                        <enabled>true</enabled>
                    </releases>
                    <snapshots>
                        <enabled>false</enabled>
                    </snapshots>
                </pluginRepository>
            </pluginRepositories>
        </profile>
    </profiles>
    <activeProfiles>
        <activeProfile>jboss-ga-repository</activeProfile>
        <activeProfile>jboss-techpreview-repository</activeProfile>
        <activeProfile>jboss-earlyaccess-repository</activeProfile>
    </activeProfiles>
</settings>